{
    "q_table": {
        "('city_center', 'undetected')": {
            "industrial_zone": 0.0,
            "residential_area": 0.0,
            "create_decoy": 0.0
        },
        "('pos_1_1', 'undetected')": {
            "move_to_1_2": 0.3599165363816987,
            "move_to_1_1": 0.5362272024200279,
            "move_to_2_1": -9.611583891028905
        },
        "('pos_1_2', 'undetected')": {
            "move_to_1_3": 0.288703859084955
        },
        "('pos_5_7', 'undetected')": {
            "move_to_6_7": 0.1820930580125893
        },
        "('pos_6_7', 'undetected')": {
            "move_to_7_7": 0.1820929800832687
        },
        "('pos_7_7', 'undetected')": {
            "move_to_8_7": 0.18209181199064164
        },
        "('pos_8_7', 'undetected')": {
            "move_to_8_8": 0.18207753353503794
        },
        "('pos_8_8', 'undetected')": {
            "move_to_8_9": 0.18193461071384703
        },
        "('pos_8_9', 'undetected')": {
            "move_to_9_9": 0.18076300004979579
        },
        "('pos_9_9', 'undetected')": {
            "move_to_10_9": 0.17292796918707473
        },
        "('pos_10_9', 'undetected')": {
            "move_to_10_10": 0.13053808124840025
        },
        "('pos_2_2', 'undetected')": {
            "move_to_3_2": 0.18209306240276835
        },
        "('pos_3_2', 'undetected')": {
            "move_to_4_2": 0.18209306240273732
        },
        "('pos_4_2', 'undetected')": {
            "move_to_5_2": 0.1820930624018067
        },
        "('pos_5_2', 'undetected')": {
            "move_to_6_2": 0.18209306238000486
        },
        "('pos_6_2', 'undetected')": {
            "move_to_7_2": 0.1820930619708223
        },
        "('pos_7_2', 'undetected')": {
            "move_to_8_2": 0.18209305570605866
        },
        "('pos_8_2', 'undetected')": {
            "move_to_9_2": 0.18209297639492897
        },
        "('pos_9_2', 'undetected')": {
            "move_to_10_2": 0.18209213745988284
        },
        "('pos_10_2', 'undetected')": {
            "move_to_11_2": 0.182084664611727
        },
        "('pos_11_2', 'undetected')": {
            "move_to_11_3": 0.18202833578914843
        },
        "('pos_11_3', 'undetected')": {
            "move_to_11_4": 0.18166877078710075
        },
        "('pos_11_4', 'undetected')": {
            "move_to_11_5": 0.17973540193658463
        },
        "('pos_11_5', 'undetected')": {
            "move_to_11_6": 0.17109582254837638
        },
        "('pos_11_6', 'undetected')": {
            "move_to_11_7": 0.13975856893877406
        },
        "('pos_11_7', 'undetected')": {
            "move_to_11_8": 0.050756791049648406
        },
        "('pos_2_1', 'undetected')": {
            "move_to_3_1": 0.18209306240276912
        },
        "('pos_3_1', 'undetected')": {
            "move_to_4_1": 0.18209306240276912
        },
        "('pos_4_1', 'undetected')": {
            "move_to_5_1": 0.18209306240276638
        },
        "('pos_5_1', 'undetected')": {
            "move_to_6_1": 0.18209306240261391
        },
        "('pos_6_1', 'undetected')": {
            "move_to_7_1": 0.1820930623965629
        },
        "('pos_7_1', 'undetected')": {
            "move_to_8_1": 0.18209306221589122
        },
        "('pos_8_1', 'undetected')": {
            "move_to_9_1": 0.1820930580125893
        },
        "('pos_9_1', 'undetected')": {
            "move_to_10_1": 0.1820929800832687
        },
        "('pos_10_1', 'undetected')": {
            "move_to_11_1": 0.18209181199064164
        },
        "('pos_11_1', 'undetected')": {
            "move_to_12_1": 0.18207753353503794
        },
        "('pos_12_1', 'undetected')": {
            "move_to_12_2": 0.18193461071384703
        },
        "('pos_12_2', 'undetected')": {
            "move_to_13_2": 0.18076300004979579
        },
        "('pos_13_2', 'undetected')": {
            "move_to_14_2": 0.17292796918707473
        },
        "('pos_14_2', 'undetected')": {
            "move_to_14_3": 0.13053808124840025
        },
        "('pos_14_3', 'undetected')": {
            "move_to_14_4": -0.052462520216664865
        },
        "('pos_14_4', 'undetected')": {
            "move_to_14_5": -0.6695781629044588
        },
        "('pos_14_5', 'undetected')": {
            "move_to_14_6": -2.243312129533566
        },
        "('pos_14_6', 'undetected')": {
            "move_to_14_7": -5.12977285597468
        },
        "('pos_14_7', 'undetected')": {
            "move_to_14_8": -8.649148282327008
        },
        "('pos_14_8', 'detected')": {},
        "('pos_2_1', 'detected')": {}
    },
    "camera_detection_history": {},
    "pattern_memory": {},
    "successful_routes": [],
    "deception_rate": 0.3
}