{
    "q_table": {
        "('city_center', 'undetected')": {
            "industrial_zone": 0.0,
            "residential_area": 0.0,
            "create_decoy": 0.0
        },
        "('pos_1_1', 'undetected')": {
            "move_to_1_2": -4.077712905028128,
            "move_to_1_1": 0.6230569983208023,
            "move_to_2_1": -8.926389293265958
        },
        "('pos_1_2', 'undetected')": {
            "move_to_1_3": -6.211871748599478
        },
        "('pos_5_7', 'undetected')": {
            "move_to_6_7": 0.1820930580125893
        },
        "('pos_6_7', 'undetected')": {
            "move_to_7_7": 0.1820929800832687
        },
        "('pos_7_7', 'undetected')": {
            "move_to_8_7": 0.18209181199064164
        },
        "('pos_8_7', 'undetected')": {
            "move_to_8_8": 0.18207753353503794
        },
        "('pos_8_8', 'undetected')": {
            "move_to_8_9": 0.18193461071384703
        },
        "('pos_8_9', 'undetected')": {
            "move_to_9_9": 0.18076300004979579
        },
        "('pos_9_9', 'undetected')": {
            "move_to_10_9": 0.17292796918707473
        },
        "('pos_10_9', 'undetected')": {
            "move_to_10_10": 0.13053808124840025
        },
        "('pos_2_2', 'undetected')": {
            "move_to_3_2": 0.18209306240276835
        },
        "('pos_3_2', 'undetected')": {
            "move_to_4_2": 0.18209306240273732
        },
        "('pos_4_2', 'undetected')": {
            "move_to_5_2": 0.1820930624018067
        },
        "('pos_5_2', 'undetected')": {
            "move_to_6_2": 0.18209306238000486
        },
        "('pos_6_2', 'undetected')": {
            "move_to_7_2": 0.1820930619708223
        },
        "('pos_7_2', 'undetected')": {
            "move_to_8_2": 0.18209305570605866
        },
        "('pos_8_2', 'undetected')": {
            "move_to_9_2": 0.18209297639492897
        },
        "('pos_9_2', 'undetected')": {
            "move_to_10_2": 0.18209213745988284
        },
        "('pos_10_2', 'undetected')": {
            "move_to_11_2": 0.182084664611727
        },
        "('pos_11_2', 'undetected')": {
            "move_to_11_3": 0.18202833578914843
        },
        "('pos_11_3', 'undetected')": {
            "move_to_11_4": 0.18166877078710075
        },
        "('pos_11_4', 'undetected')": {
            "move_to_11_5": 0.17973540193658463
        },
        "('pos_11_5', 'undetected')": {
            "move_to_11_6": 0.17109582254837638
        },
        "('pos_11_6', 'undetected')": {
            "move_to_11_7": 0.13975856893877406
        },
        "('pos_11_7', 'undetected')": {
            "move_to_11_8": 0.050756791049648406
        },
        "('pos_2_1', 'undetected')": {
            "move_to_3_1": -0.8361162438375079
        },
        "('pos_3_1', 'undetected')": {
            "move_to_4_1": 0.18209306240276912
        },
        "('pos_4_1', 'undetected')": {
            "move_to_5_1": 0.18209306240276638
        },
        "('pos_5_1', 'undetected')": {
            "move_to_6_1": 0.18209306240261391
        },
        "('pos_6_1', 'undetected')": {
            "move_to_7_1": 0.1820930623965629
        },
        "('pos_7_1', 'undetected')": {
            "move_to_8_1": 0.18209306221589122
        },
        "('pos_8_1', 'undetected')": {
            "move_to_9_1": 0.1820930580125893
        },
        "('pos_9_1', 'undetected')": {
            "move_to_10_1": 0.1820929800832687
        },
        "('pos_10_1', 'undetected')": {
            "move_to_11_1": 0.18209181199064164
        },
        "('pos_11_1', 'undetected')": {
            "move_to_12_1": 0.18207753353503794
        },
        "('pos_12_1', 'undetected')": {
            "move_to_12_2": 0.18193461071384703
        },
        "('pos_12_2', 'undetected')": {
            "move_to_13_2": 0.18076300004979579
        },
        "('pos_13_2', 'undetected')": {
            "move_to_14_2": 0.17292796918707473
        },
        "('pos_14_2', 'undetected')": {
            "move_to_14_3": 0.13053808124840025
        },
        "('pos_14_3', 'undetected')": {
            "move_to_14_4": -0.052462520216664865
        },
        "('pos_14_4', 'undetected')": {
            "move_to_14_5": -0.6695781629044588
        },
        "('pos_14_5', 'undetected')": {
            "move_to_14_6": -2.243312129533566
        },
        "('pos_14_6', 'undetected')": {
            "move_to_14_7": -5.12977285597468
        },
        "('pos_14_7', 'undetected')": {
            "move_to_14_8": -8.649148282327008
        },
        "('pos_14_8', 'detected')": {},
        "('pos_2_1', 'detected')": {},
        "('pos_1_1', 'detected')": {},
        "('pos_1_3', 'undetected')": {
            "move_to_1_4": -8.22665660581278
        },
        "('pos_1_4', 'undetected')": {
            "move_to_1_5": -9.864012943102777
        },
        "('pos_1_5', 'undetected')": {
            "move_to_1_6": -1.8759463763575976
        },
        "('pos_1_6', 'undetected')": {
            "move_to_2_6": -3.3888585571276755
        },
        "('pos_2_6', 'undetected')": {
            "move_to_3_6": -5.188311333685761
        },
        "('pos_3_6', 'undetected')": {
            "move_to_4_6": -6.999559700923331
        },
        "('pos_4_6', 'undetected')": {
            "move_to_4_7": -8.593485880541675
        },
        "('pos_4_7', 'undetected')": {
            "move_to_4_8": -9.947969454635603
        },
        "('pos_4_8', 'undetected')": {
            "move_to_4_9": 0.09561792499119551
        },
        "('pos_4_9', 'undetected')": {
            "move_to_5_9": 0.09561792499119551
        },
        "('pos_5_9', 'undetected')": {
            "move_to_6_9": 0.09561792499119551
        },
        "('pos_6_9', 'undetected')": {
            "move_to_6_10": 0.09561792499119551
        },
        "('pos_6_10', 'undetected')": {
            "move_to_6_11": 0.09561792499119551
        },
        "('pos_6_11', 'undetected')": {
            "move_to_6_12": 0.09561792499119551
        },
        "('pos_6_12', 'undetected')": {
            "move_to_6_13": 0.09561792499119551
        },
        "('pos_6_13', 'undetected')": {
            "move_to_6_14": 0.09561792499119551
        },
        "('pos_6_14', 'undetected')": {
            "move_to_6_15": 0.09561792459990082
        },
        "('pos_6_15', 'undetected')": {
            "move_to_7_15": 0.09561788542308004
        },
        "('pos_7_15', 'undetected')": {
            "move_to_8_15": 0.09561611980920559
        },
        "('pos_8_15', 'undetected')": {
            "move_to_8_16": 0.09556894604494542
        },
        "('pos_8_16', 'undetected')": {
            "move_to_8_17": 0.09474130235283403
        },
        "('pos_8_17', 'undetected')": {
            "move_to_9_17": 0.08477465499136001
        },
        "('pos_9_17', 'undetected')": {
            "move_to_10_17": 0.0012917129734
        },
        "('pos_10_17', 'undetected')": {
            "move_to_11_17": -0.47966244146900006
        },
        "('pos_11_17', 'undetected')": {
            "move_to_11_18": -2.3099774821100003
        },
        "('pos_11_18', 'undetected')": {
            "move_to_12_18": -6.5132155990000005
        },
        "('pos_12_18', 'detected')": {},
        "('pos_4_8', 'detected')": {},
        "('pos_1_5', 'detected')": {},
        "('pos_3_1', 'detected')": {}
    },
    "camera_detection_history": {},
    "pattern_memory": {},
    "successful_routes": [],
    "deception_rate": 0.3
}